{
	"credit": "Made with Blockbench",
	"textures": {
		"0": "item/boltorez"
	},
	"elements": [
		{
			"from": [8.5, 11.3, 7],
			"to": [9.5, 13.3, 8],
			"rotation": {"angle": 45, "axis": "z", "origin": [9, 11.8, 7.5]},
			"faces": {
				"north": {"uv": [8, 0, 9, 2], "texture": "#0"},
				"east": {"uv": [8, 2, 9, 4], "texture": "#0"},
				"south": {"uv": [8, 4, 9, 6], "texture": "#0"},
				"west": {"uv": [8, 6, 9, 8], "texture": "#0"},
				"up": {"uv": [12, 3, 11, 2], "texture": "#0"},
				"down": {"uv": [4, 11, 3, 12], "texture": "#0"}
			}
		},
		{
			"from": [6, 0, 7],
			"to": [7, 9, 8],
			"rotation": {"angle": 0, "axis": "y", "origin": [6, 0, 7]},
			"faces": {
				"north": {"uv": [0, 0, 1, 9], "texture": "#0"},
				"east": {"uv": [1, 0, 2, 9], "texture": "#0"},
				"south": {"uv": [2, 0, 3, 9], "texture": "#0"},
				"west": {"uv": [3, 0, 4, 9], "texture": "#0"},
				"up": {"uv": [12, 4, 11, 3], "texture": "#0"},
				"down": {"uv": [5, 11, 4, 12], "texture": "#0"}
			}
		},
		{
			"from": [9, 0, 7],
			"to": [10, 9, 8],
			"rotation": {"angle": 0, "axis": "y", "origin": [9, 0, 7]},
			"faces": {
				"north": {"uv": [4, 0, 5, 9], "texture": "#0"},
				"east": {"uv": [5, 0, 6, 9], "texture": "#0"},
				"south": {"uv": [6, 0, 7, 9], "texture": "#0"},
				"west": {"uv": [7, 0, 8, 9], "texture": "#0"},
				"up": {"uv": [12, 5, 11, 4], "texture": "#0"},
				"down": {"uv": [6, 11, 5, 12], "texture": "#0"}
			}
		},
		{
			"from": [7, 9.6, 7],
			"to": [9, 10.6, 8],
			"rotation": {"angle": 0, "axis": "y", "origin": [7, 9.6, 7]},
			"faces": {
				"north": {"uv": [8, 8, 10, 9], "texture": "#0"},
				"east": {"uv": [11, 5, 12, 6], "texture": "#0"},
				"south": {"uv": [0, 9, 2, 10], "texture": "#0"},
				"west": {"uv": [6, 11, 7, 12], "texture": "#0"},
				"up": {"uv": [11, 1, 9, 0], "texture": "#0"},
				"down": {"uv": [11, 1, 9, 2], "texture": "#0"}
			}
		},
		{
			"from": [8.8, 8.5, 7],
			"to": [9.8, 10.5, 8],
			"rotation": {"angle": 45, "axis": "z", "origin": [9.3, 9, 7.5]},
			"faces": {
				"north": {"uv": [2, 9, 3, 11], "texture": "#0"},
				"east": {"uv": [9, 2, 10, 4], "texture": "#0"},
				"south": {"uv": [3, 9, 4, 11], "texture": "#0"},
				"west": {"uv": [4, 9, 5, 11], "texture": "#0"},
				"up": {"uv": [12, 7, 11, 6], "texture": "#0"},
				"down": {"uv": [8, 11, 7, 12], "texture": "#0"}
			}
		},
		{
			"from": [6.8, 10.1, 7],
			"to": [7.8, 12.1, 8],
			"rotation": {"angle": 22.5, "axis": "z", "origin": [7.3, 10.6, 7.5]},
			"faces": {
				"north": {"uv": [9, 4, 10, 6], "texture": "#0"},
				"east": {"uv": [5, 9, 6, 11], "texture": "#0"},
				"south": {"uv": [6, 9, 7, 11], "texture": "#0"},
				"west": {"uv": [9, 6, 10, 8], "texture": "#0"},
				"up": {"uv": [12, 8, 11, 7], "texture": "#0"},
				"down": {"uv": [9, 11, 8, 12], "texture": "#0"}
			}
		},
		{
			"from": [8.2, 10.1, 7],
			"to": [9.2, 12.1, 8],
			"rotation": {"angle": -22.5, "axis": "z", "origin": [8.7, 10.6, 7.5]},
			"faces": {
				"north": {"uv": [7, 9, 8, 11], "texture": "#0"},
				"east": {"uv": [8, 9, 9, 11], "texture": "#0"},
				"south": {"uv": [9, 9, 10, 11], "texture": "#0"},
				"west": {"uv": [0, 10, 1, 12], "texture": "#0"},
				"up": {"uv": [12, 9, 11, 8], "texture": "#0"},
				"down": {"uv": [10, 11, 9, 12], "texture": "#0"}
			}
		},
		{
			"from": [6.2, 8.5, 7],
			"to": [7.2, 10.5, 8],
			"rotation": {"angle": -45, "axis": "z", "origin": [6.7, 9, 7.5]},
			"faces": {
				"north": {"uv": [1, 10, 2, 12], "texture": "#0"},
				"east": {"uv": [10, 2, 11, 4], "texture": "#0"},
				"south": {"uv": [10, 4, 11, 6], "texture": "#0"},
				"west": {"uv": [10, 6, 11, 8], "texture": "#0"},
				"up": {"uv": [12, 10, 11, 9], "texture": "#0"},
				"down": {"uv": [12, 10, 11, 11], "texture": "#0"}
			}
		},
		{
			"from": [6.5, 11.3, 7],
			"to": [7.5, 13.3, 8],
			"rotation": {"angle": -45, "axis": "z", "origin": [7, 11.8, 7.5]},
			"faces": {
				"north": {"uv": [10, 8, 11, 10], "texture": "#0"},
				"east": {"uv": [10, 10, 11, 12], "texture": "#0"},
				"south": {"uv": [11, 0, 12, 2], "texture": "#0"},
				"west": {"uv": [2, 11, 3, 13], "texture": "#0"},
				"up": {"uv": [12, 12, 11, 11], "texture": "#0"},
				"down": {"uv": [1, 12, 0, 13], "texture": "#0"}
			}
		}
	],
	"display": {
		"thirdperson_righthand": {
			"rotation": [0, 90, 0],
			"translation": [0.5, 1.5, -0.25]
		},
		"thirdperson_lefthand": {
			"rotation": [0, 90, 0],
			"translation": [0.5, 1.5, -0.25]
		},
		"firstperson_righthand": {
			"rotation": [0, -64, 32],
			"translation": [0.75, 2.75, 0]
		},
		"firstperson_lefthand": {
			"rotation": [0, -64, 32],
			"translation": [0.75, 2.75, 0]
		},
		"ground": {
			"rotation": [90, 0, 0]
		},
		"gui": {
			"rotation": [0, 0, 45],
			"translation": [-1, 1.25, 0]
		},
		"head": {
			"rotation": [90, 0, 180],
			"translation": [0, 6.5, -1.5]
		},
		"fixed": {
			"rotation": [0, 0, -45],
			"translation": [1.25, 1.5, 0]
		}
	},
	"groups": [
		{
			"name": "group",
			"origin": [4, 11.8, 5.5],
			"color": 0,
			"children": [0, 1, 2, 3, 4, 5, 6, 7, 8]
		}
	]
}