{
	"textures": {
		"1": "item/dead"
	},
	"elements": [
		{
			"from": [2, -2, -7],
			"to": [10, 6, 1],
			"rotation": {"angle": -22.5, "axis": "z", "origin": [6, 6, 9]},
			"faces": {
				"north": {"uv": [2, 0, 4, 2], "texture": "#1"},
				"east": {"uv": [0, 2, 2, 4], "rotation": 90, "texture": "#1"},
				"south": {"uv": [4, 0, 6, 2], "rotation": 180, "texture": "#1"},
				"west": {"uv": [4, 2, 6, 4], "rotation": 270, "texture": "#1"},
				"up": {"uv": [8, 2, 6, 4], "texture": "#1"},
				"down": {"uv": [4, 4, 2, 2], "texture": "#1"}
			}
		},
		{
			"from": [-8, 0, 0],
			"to": [-4, 4, 12],
			"rotation": {"angle": -22.5, "axis": "y", "origin": [-4, 6, 16]},
			"faces": {
				"north": {"uv": [11, 4, 12, 5], "rotation": 180, "texture": "#1"},
				"east": {"uv": [10, 5, 11, 8], "rotation": 90, "texture": "#1"},
				"south": {"uv": [12, 4, 13, 5], "rotation": 180, "texture": "#1"},
				"west": {"uv": [12, 5, 13, 8], "rotation": 270, "texture": "#1"},
				"up": {"uv": [14, 5, 13, 8], "texture": "#1"},
				"down": {"uv": [12, 8, 11, 5], "texture": "#1"}
			}
		},
		{
			"from": [14, 0, -1],
			"to": [18, 4, 11],
			"rotation": {"angle": 22.5, "axis": "y", "origin": [18, 6, 15]},
			"faces": {
				"north": {"uv": [9, 12, 10, 13], "rotation": 180, "texture": "#1"},
				"east": {"uv": [8, 13, 9, 16], "rotation": 90, "texture": "#1"},
				"south": {"uv": [10, 12, 11, 13], "rotation": 180, "texture": "#1"},
				"west": {"uv": [10, 13, 11, 16], "rotation": 270, "texture": "#1"},
				"up": {"uv": [12, 13, 11, 16], "texture": "#1"},
				"down": {"uv": [10, 16, 9, 13], "texture": "#1"}
			}
		},
		{
			"from": [11, 0, 11],
			"to": [15, 4, 23],
			"rotation": {"angle": 22.5, "axis": "y", "origin": [15, 6, 27]},
			"faces": {
				"north": {"uv": [5, 12, 6, 13], "rotation": 180, "texture": "#1"},
				"east": {"uv": [4, 13, 5, 16], "rotation": 90, "texture": "#1"},
				"south": {"uv": [6, 12, 7, 13], "rotation": 180, "texture": "#1"},
				"west": {"uv": [6, 13, 7, 16], "rotation": 270, "texture": "#1"},
				"up": {"uv": [8, 13, 7, 16], "texture": "#1"},
				"down": {"uv": [6, 16, 5, 13], "texture": "#1"}
			}
		},
		{
			"from": [-5.1, 0, 12.3],
			"to": [-1.1, 4, 24.3],
			"rotation": {"angle": -22.5, "axis": "y", "origin": [-1.1, 6, 28.3]},
			"faces": {
				"north": {"uv": [1, 4, 2, 5], "rotation": 180, "texture": "#1"},
				"east": {"uv": [0, 5, 1, 8], "rotation": 90, "texture": "#1"},
				"south": {"uv": [2, 4, 3, 5], "rotation": 180, "texture": "#1"},
				"west": {"uv": [2, 5, 3, 8], "rotation": 270, "texture": "#1"},
				"up": {"uv": [4, 5, 3, 8], "texture": "#1"},
				"down": {"uv": [2, 8, 1, 5], "texture": "#1"}
			}
		},
		{
			"from": [1, 0, 1],
			"to": [9, 4, 13],
			"rotation": {"angle": 0, "axis": "z", "origin": [5, 6, 17]},
			"faces": {
				"north": {"uv": [5, 4, 7, 5], "texture": "#1"},
				"east": {"uv": [4, 5, 5, 8], "rotation": 90, "texture": "#1"},
				"south": {"uv": [7, 4, 9, 5], "texture": "#1"},
				"west": {"uv": [7, 5, 8, 8], "rotation": 270, "texture": "#1"},
				"up": {"uv": [10, 5, 8, 8], "texture": "#1"},
				"down": {"uv": [7, 8, 5, 5], "texture": "#1"}
			}
		}
	],
	"display": {
		"thirdperson_righthand": {
			"rotation": [86.25, 0, 0],
			"translation": [2, 0.5, 4],
			"scale": [0.6, 0.6, 0.6]
		},
		"thirdperson_lefthand": {
			"rotation": [82, 0, 0],
			"translation": [-2, 2, 2.75],
			"scale": [0.6, 0.6, 0.6]
		},
		"firstperson_righthand": {
			"rotation": [52, 0, 9],
			"translation": [12.75, 7.5, -8.25]
		},
		"firstperson_lefthand": {
			"rotation": [52, 0, 9],
			"translation": [8, 7.5, -8.25]
		},
		"ground": {
			"translation": [0, 5.25, 0]
		},
		"gui": {
			"rotation": [37, 14, 0],
			"translation": [1, 3, 0],
			"scale": [0.6, 0.6, 0.6]
		},
		"head": {
			"translation": [2.5, 14.25, 0]
		},
		"fixed": {
			"rotation": [94.26, 1.04, 179.93],
			"translation": [-3.75, 2.75, -6.75]
		}
	},
	"groups": [
		{
			"name": "group",
			"origin": [0, 0, 8],
			"color": 0,
			"children": [0, 1, 2, 3, 4, 5]
		}
	]
}