{
	"texture_size": [32, 32],
	"textures": {
		"0": "item/discord_button"
	},
	"elements": [
		{
			"from": [0, 0, 0],
			"to": [16, 15, 5],
			"faces": {
				"north": {"uv": [0, 0, 8, 7.5], "texture": "#0"},
				"east": {"uv": [8, 5, 10.5, 12.5], "texture": "#0"},
				"south": {"uv": [0, 7.5, 8, 15], "texture": "#0"},
				"west": {"uv": [10.5, 5, 13, 12.5], "texture": "#0"},
				"up": {"uv": [16, 2.5, 8, 0], "texture": "#0"},
				"down": {"uv": [16, 2.5, 8, 5], "texture": "#0"}
			}
		}
	],
	"display": {
		"thirdperson_righthand": {
			"rotation": [0, 180, 0],
			"translation": [0, 3, -3.5],
			"scale": [0.5, 0.5, 0.5]
		},
		"thirdperson_lefthand": {
			"rotation": [0, 180, 0],
			"translation": [0, 3, -3.25],
			"scale": [0.5, 0.5, 0.5]
		},
		"firstperson_righthand": {
			"rotation": [0, 110, 0],
			"translation": [0, 5.25, 0.75],
			"scale": [0.5, 0.5, 0.5]
		},
		"firstperson_lefthand": {
			"rotation": [0, 110, 0],
			"translation": [0, 5.25, 0.75],
			"scale": [0.5, 0.5, 0.5]
		},
		"ground": {
			"rotation": [90, 0, 0],
			"translation": [0, -6, 0]
		},
		"gui": {
			"rotation": [33, 145, 0],
			"translation": [1.5, 1, 0],
			"scale": [0.5, 0.5, 0.5]
		},
		"head": {
			"translation": [0, 0.5, 1]
		},
		"fixed": {
			"translation": [0, 0, 3]
		}
	}
}