{
	"textures": {
		"0": "item/granade"
	},
	"elements": [
		{
			"from": [7, 10, 7],
			"to": [9, 12, 9],
			"rotation": {"angle": 0, "axis": "y", "origin": [15, 18, 15]},
			"faces": {
				"north": {"uv": [16, 4, 14, 6], "texture": "#0"},
				"east": {"uv": [14, 4, 16, 6], "texture": "#0"},
				"south": {"uv": [16, 4, 14, 6], "texture": "#0"},
				"west": {"uv": [14, 4, 16, 6], "texture": "#0"},
				"up": {"uv": [14, 6, 16, 8], "texture": "#0"},
				"down": {"uv": [4, 4, 8, 8], "texture": "#0"}
			}
		},
		{
			"from": [6, 4, 6],
			"to": [10, 10, 10],
			"rotation": {"angle": 0, "axis": "y", "origin": [14.5, 12, 14.5]},
			"faces": {
				"north": {"uv": [8, 0, 12, 6], "texture": "#0"},
				"east": {"uv": [0, 9, 4, 15], "texture": "#0"},
				"south": {"uv": [8, 9, 12, 15], "texture": "#0"},
				"west": {"uv": [0, 0, 4, 6], "texture": "#0"},
				"up": {"uv": [4, 0, 8, 4], "texture": "#0"},
				"down": {"uv": [4, 4, 8, 8], "texture": "#0"}
			}
		},
		{
			"from": [3.5, 11.5, 6],
			"to": [7.5, 11.5, 10],
			"rotation": {"angle": 22.5, "axis": "z", "origin": [7.5, 11.5, 14.5]},
			"faces": {
				"north": {"uv": [8, 0, 12, 5], "texture": "#0"},
				"east": {"uv": [0, 9, 4, 14], "texture": "#0"},
				"south": {"uv": [8, 9, 12, 14], "texture": "#0"},
				"west": {"uv": [12, 0, 16, 4], "texture": "#0"},
				"up": {"uv": [16, 0, 12, 4], "rotation": 180, "texture": "#0"},
				"down": {"uv": [12, 0, 16, 4], "texture": "#0"}
			}
		}
	],
	"display": {
		"thirdperson_righthand": {
			"rotation": [40.5, 90, 0],
			"translation": [0, -0.25, -0.25],
			"scale": [0.5, 0.5, 0.5]
		},
		"thirdperson_lefthand": {
			"rotation": [106.06, -78.91, 73.6],
			"translation": [0, -0.25, -0.25],
			"scale": [0.5, 0.5, 0.5]
		},
		"firstperson_righthand": {
			"rotation": [-13, 82, 0],
			"translation": [0, 3, 0.75],
			"scale": [0.8, 0.8, 0.8]
		},
		"firstperson_lefthand": {
			"rotation": [-13, 82, 0],
			"translation": [0, 3, 0.75],
			"scale": [0.8, 0.8, 0.8]
		},
		"ground": {
			"rotation": [-83.62, -56.44, -57.14],
			"translation": [0, 1, 0.75],
			"scale": [0.8, 0.8, 0.8]
		},
		"gui": {
			"rotation": [35, 40, 15],
			"translation": [0, 1, 0],
			"scale": [1.5, 1.5, 1.5]
		},
		"head": {
			"translation": [0.25, 13, 10.75],
			"scale": [1.4, 1.4, 1.4]
		},
		"fixed": {
			"rotation": [0, -90, 0],
			"translation": [0, 1, -2],
			"scale": [2, 2, 2]
		}
	}
}