{
	"textures": {
		"1": "item/hill_box"
	},
	"elements": [
		{
			"from": [5, 0, 4],
			"to": [11, 3, 12],
			"rotation": {"angle": 0, "axis": "y", "origin": [7, 0, 6]},
			"faces": {
				"north": {"uv": [0, 11, 6, 14], "texture": "#1"},
				"east": {"uv": [0, 8, 8, 11], "texture": "#1"},
				"south": {"uv": [6, 11, 12, 14], "texture": "#1"},
				"west": {"uv": [8, 8, 16, 11], "texture": "#1"},
				"up": {"uv": [6, 8, 0, 0], "texture": "#1"},
				"down": {"uv": [12, 0, 6, 8], "texture": "#1"}
			}
		}
	],
	"display": {
		"thirdperson_righthand": {
			"rotation": [50, 0, 0],
			"translation": [0, 4.25, 1.75],
			"scale": [0.6, 0.6, 0.6]
		},
		"thirdperson_lefthand": {
			"rotation": [50, 0, 0],
			"translation": [0, 4, 1.75],
			"scale": [0.6, 0.6, 0.6]
		},
		"firstperson_righthand": {
			"translation": [0, 7.25, 0]
		},
		"firstperson_lefthand": {
			"translation": [0, 7.25, 0]
		},
		"ground": {
			"translation": [0, 8, 0]
		},
		"gui": {
			"rotation": [17, 37.06, -1.46],
			"translation": [0, 4.25, 0]
		},
		"head": {
			"translation": [0, 14.25, 0]
		},
		"fixed": {
			"rotation": [0, 90, 0],
			"translation": [0, 6, 0]
		}
	}
}