{
	"textures": {
		"0": "item/zolenta"
	},
	"elements": [
		{
			"from": [7, 0, 6],
			"to": [9, 2, 7],
			"rotation": {"angle": 0, "axis": "y", "origin": [9, 0, 9]},
			"faces": {
				"north": {"uv": [0, 0, 16, 3], "texture": "#0"},
				"south": {"uv": [16, 13, 10, 16], "texture": "#0"},
				"up": {"uv": [10, 14, 16, 3], "rotation": 180, "texture": "#0"},
				"down": {"uv": [10, 3, 16, 14], "rotation": 180, "texture": "#0"}
			}
		},
		{
			"from": [7, 0, 9],
			"to": [9, 2, 10],
			"rotation": {"angle": 0, "axis": "y", "origin": [8, 0, 9.5]},
			"faces": {
				"north": {"uv": [16, 13, 10, 16], "texture": "#0"},
				"south": {"uv": [0, 0, 16, 3], "texture": "#0"},
				"up": {"uv": [10, 14, 16, 3], "texture": "#0"},
				"down": {"uv": [10, 3, 16, 14], "texture": "#0"}
			}
		},
		{
			"from": [6, 0, 7],
			"to": [7, 2, 9],
			"rotation": {"angle": 0, "axis": "y", "origin": [6.5, 0, 8]},
			"faces": {
				"east": {"uv": [16, 13, 10, 16], "texture": "#0"},
				"west": {"uv": [0, 0, 16, 3], "texture": "#0"},
				"up": {"uv": [10, 14, 16, 3], "rotation": 90, "texture": "#0"},
				"down": {"uv": [10, 3, 16, 14], "rotation": 270, "texture": "#0"}
			}
		},
		{
			"from": [9, 0, 7],
			"to": [10, 2, 9],
			"rotation": {"angle": 0, "axis": "y", "origin": [9.5, 0, 8]},
			"faces": {
				"east": {"uv": [0, 0, 16, 3], "texture": "#0"},
				"west": {"uv": [16, 13, 10, 16], "texture": "#0"},
				"up": {"uv": [10, 14, 16, 3], "rotation": 270, "texture": "#0"},
				"down": {"uv": [10, 3, 16, 14], "rotation": 90, "texture": "#0"}
			}
		},
		{
			"from": [9, 0, 9],
			"to": [10, 2, 10],
			"rotation": {"angle": 0, "axis": "y", "origin": [9, 0, 9]},
			"faces": {
				"east": {"uv": [0, 0, 16, 3], "texture": "#0"},
				"south": {"uv": [0, 0, 16, 3], "texture": "#0"},
				"up": {"uv": [0, 3, 11, 14], "rotation": 180, "texture": "#0"},
				"down": {"uv": [0, 3, 11, 14], "rotation": 90, "texture": "#0"}
			}
		},
		{
			"from": [9, 0, 6],
			"to": [10, 2, 7],
			"rotation": {"angle": 0, "axis": "y", "origin": [9, 0, 7]},
			"faces": {
				"north": {"uv": [0, 0, 16, 3], "texture": "#0"},
				"east": {"uv": [0, 0, 16, 3], "texture": "#0"},
				"up": {"uv": [0, 3, 11, 14], "rotation": 90, "texture": "#0"},
				"down": {"uv": [0, 3, 11, 14], "rotation": 180, "texture": "#0"}
			}
		},
		{
			"from": [6, 0, 6],
			"to": [7, 2, 7],
			"rotation": {"angle": 0, "axis": "y", "origin": [7, 0, 7]},
			"faces": {
				"north": {"uv": [0, 0, 16, 3], "texture": "#0"},
				"west": {"uv": [0, 0, 16, 3], "texture": "#0"},
				"up": {"uv": [0, 3, 11, 14], "texture": "#0"},
				"down": {"uv": [0, 3, 11, 14], "rotation": 270, "texture": "#0"}
			}
		},
		{
			"from": [6, 0, 9],
			"to": [7, 2, 10],
			"rotation": {"angle": 0, "axis": "y", "origin": [7, 0, 9]},
			"faces": {
				"south": {"uv": [0, 0, 16, 3], "texture": "#0"},
				"west": {"uv": [0, 0, 16, 3], "texture": "#0"},
				"up": {"uv": [0, 3, 11, 14], "rotation": 270, "texture": "#0"},
				"down": {"uv": [0, 3, 11, 14], "texture": "#0"}
			}
		}
	],
	"display": {
		"thirdperson_righthand": {
			"rotation": [-3, 0, 90],
			"translation": [-5.25, 1, 0],
			"scale": [0.7, 0.7, 0.7]
		},
		"firstperson_righthand": {
			"rotation": [-40, 0, 90],
			"translation": [-5.75, 0, 0]
		},
		"firstperson_lefthand": {
			"rotation": [40, 0, 90],
			"translation": [-5.5, 0, 0]
		},
		"ground": {
			"translation": [0, 8, 0]
		},
		"gui": {
			"rotation": [-68.19, -22.69, 13.6],
			"translation": [-4.5, 5.5, 0],
			"scale": [2.7, 2.7, 2.7]
		}
	}
}