{
	"texture_size": [64, 64],
	"textures": {
		"0": "item/kanistra"
	},
	"elements": [
		{
			"from": [2, 1, 5],
			"to": [14, 14, 11],
			"rotation": {"angle": 0, "axis": "y", "origin": [0, 1, 5]},
			"faces": {
				"north": {"uv": [0, 0, 3, 3.25], "texture": "#0"},
				"east": {"uv": [0, 3.25, 1.5, 6.5], "texture": "#0"},
				"south": {"uv": [3, 0, 6, 3.25], "texture": "#0"},
				"west": {"uv": [1.5, 3.25, 3, 6.5], "texture": "#0"},
				"up": {"uv": [6, 4.75, 3, 3.25], "texture": "#0"},
				"down": {"uv": [6, 4.75, 3, 6.25], "texture": "#0"}
			}
		},
		{
			"from": [5, 14.6, 5],
			"to": [9, 15, 7],
			"rotation": {"angle": 0, "axis": "y", "origin": [3, 14, 7]},
			"faces": {
				"north": {"uv": [6.75, 3, 8.25, 3.25], "texture": "#0"},
				"east": {"uv": [2.5, 6.5, 3, 6.75], "texture": "#0"},
				"south": {"uv": [6.75, 3.25, 8.25, 3.5], "texture": "#0"},
				"west": {"uv": [4.5, 7, 5, 7.25], "texture": "#0"},
				"up": {"uv": [7.5, 6.5, 6, 6], "texture": "#0"},
				"down": {"uv": [4.5, 6.25, 3, 6.75], "texture": "#0"}
			}
		},
		{
			"from": [5, 14.6, 9],
			"to": [9, 15, 11],
			"rotation": {"angle": 0, "axis": "y", "origin": [3, 14, 11]},
			"faces": {
				"north": {"uv": [6.75, 3.5, 8.25, 3.75], "texture": "#0"},
				"east": {"uv": [7.5, 6, 8, 6.25], "texture": "#0"},
				"south": {"uv": [6.75, 3.75, 8.25, 4], "texture": "#0"},
				"west": {"uv": [7.5, 6.25, 8, 6.5], "texture": "#0"},
				"up": {"uv": [6, 6.75, 4.5, 6.25], "texture": "#0"},
				"down": {"uv": [1.5, 6.5, 0, 7], "texture": "#0"}
			}
		},
		{
			"from": [8.8, 15.8, 9],
			"to": [11.8, 16.2, 11],
			"rotation": {"angle": -22.5, "axis": "z", "origin": [5.8, 15.2, 11]},
			"faces": {
				"north": {"uv": [7.5, 4.5, 8.25, 4.75], "texture": "#0"},
				"east": {"uv": [6.5, 7.5, 7, 7.75], "texture": "#0"},
				"south": {"uv": [7.5, 4.75, 8.25, 5], "texture": "#0"},
				"west": {"uv": [7, 7.5, 7.5, 7.75], "texture": "#0"},
				"up": {"uv": [7.5, 4.5, 6.75, 4], "texture": "#0"},
				"down": {"uv": [7.5, 4.5, 6.75, 5], "texture": "#0"}
			}
		},
		{
			"from": [8.8, 15.8, 5],
			"to": [11.8, 16.2, 7],
			"rotation": {"angle": -22.5, "axis": "z", "origin": [5.8, 15.2, 7]},
			"faces": {
				"north": {"uv": [5, 7.5, 5.75, 7.75], "texture": "#0"},
				"east": {"uv": [7.5, 7.25, 8, 7.5], "texture": "#0"},
				"south": {"uv": [7.5, 5, 8.25, 5.25], "texture": "#0"},
				"west": {"uv": [7.5, 7.5, 8, 7.75], "texture": "#0"},
				"up": {"uv": [5.75, 7.25, 5, 6.75], "texture": "#0"},
				"down": {"uv": [7.5, 5, 6.75, 5.5], "texture": "#0"}
			}
		},
		{
			"from": [3, 14, 5],
			"to": [5, 15, 11],
			"rotation": {"angle": 0, "axis": "y", "origin": [3, 14, 7]},
			"faces": {
				"north": {"uv": [5, 7.75, 5.5, 8], "texture": "#0"},
				"east": {"uv": [6.75, 5.5, 8.25, 5.75], "texture": "#0"},
				"south": {"uv": [5.5, 7.75, 6, 8], "texture": "#0"},
				"west": {"uv": [5.75, 6.75, 7.25, 7], "texture": "#0"},
				"up": {"uv": [2, 8, 1.5, 6.5], "texture": "#0"},
				"down": {"uv": [2.5, 6.5, 2, 8], "texture": "#0"}
			}
		},
		{
			"from": [4.6, 14.1, 5],
			"to": [7.6, 15.1, 11],
			"rotation": {"angle": -22.5, "axis": "z", "origin": [4.6, 14.1, 7]},
			"faces": {
				"north": {"uv": [7.5, 5.25, 8.25, 5.5], "texture": "#0"},
				"east": {"uv": [6.75, 5.75, 8.25, 6], "texture": "#0"},
				"south": {"uv": [5.75, 7.5, 6.5, 7.75], "texture": "#0"},
				"west": {"uv": [0, 7, 1.5, 7.25], "texture": "#0"},
				"up": {"uv": [6.75, 4.5, 6, 3], "texture": "#0"},
				"down": {"uv": [6.75, 4.5, 6, 6], "texture": "#0"}
			}
		},
		{
			"from": [3, 0, 5],
			"to": [13, 1, 11],
			"rotation": {"angle": 0, "axis": "y", "origin": [3, 0, 7]},
			"faces": {
				"north": {"uv": [6, 6.5, 8.5, 6.75], "texture": "#0"},
				"east": {"uv": [2.5, 7, 4, 7.25], "texture": "#0"},
				"south": {"uv": [2.5, 6.75, 5, 7], "texture": "#0"},
				"west": {"uv": [5.75, 7, 7.25, 7.25], "texture": "#0"},
				"up": {"uv": [8.5, 1.5, 6, 0], "texture": "#0"},
				"down": {"uv": [8.5, 1.5, 6, 3], "texture": "#0"}
			}
		},
		{
			"from": [12.7, 0.7, 5],
			"to": [14.1, 1.7, 11],
			"rotation": {"angle": 45, "axis": "z", "origin": [13.7, 0.7, 4]},
			"faces": {
				"north": {"uv": [6, 7.75, 6.25, 8], "texture": "#0"},
				"east": {"uv": [0, 7.25, 1.5, 7.5], "texture": "#0"},
				"south": {"uv": [6.25, 7.75, 6.5, 8], "texture": "#0"},
				"west": {"uv": [2.5, 7.25, 4, 7.5], "texture": "#0"},
				"up": {"uv": [4.25, 8.5, 4, 7], "texture": "#0"},
				"down": {"uv": [4.5, 7, 4.25, 8.5], "texture": "#0"}
			}
		},
		{
			"from": [1.7, 0.3, 5],
			"to": [3.1, 1.3, 11],
			"rotation": {"angle": -45, "axis": "z", "origin": [2.7, 0.3, 4]},
			"faces": {
				"north": {"uv": [6.5, 7.75, 6.75, 8], "texture": "#0"},
				"east": {"uv": [4.5, 7.25, 6, 7.5], "texture": "#0"},
				"south": {"uv": [6.75, 7.75, 7, 8], "texture": "#0"},
				"west": {"uv": [6, 7.25, 7.5, 7.5], "texture": "#0"},
				"up": {"uv": [0.25, 9, 0, 7.5], "texture": "#0"},
				"down": {"uv": [0.5, 7.5, 0.25, 9], "texture": "#0"}
			}
		},
		{
			"from": [2.4, 14, 5],
			"to": [3.8, 15, 11],
			"rotation": {"angle": 45, "axis": "z", "origin": [3.4, 14, 4]},
			"faces": {
				"north": {"uv": [7, 7.75, 7.25, 8], "texture": "#0"},
				"east": {"uv": [7.25, 6.75, 8.75, 7], "texture": "#0"},
				"south": {"uv": [7.25, 7.75, 7.5, 8], "texture": "#0"},
				"west": {"uv": [7.25, 7, 8.75, 7.25], "texture": "#0"},
				"up": {"uv": [0.75, 9, 0.5, 7.5], "texture": "#0"},
				"down": {"uv": [1, 7.5, 0.75, 9], "texture": "#0"}
			}
		},
		{
			"from": [12, 14, 7],
			"to": [14, 16, 9],
			"rotation": {"angle": 0, "axis": "y", "origin": [12, 14, 7]},
			"faces": {
				"north": {"uv": [1, 7.5, 1.5, 8], "texture": "#0"},
				"east": {"uv": [2.5, 7.5, 3, 8], "texture": "#0"},
				"south": {"uv": [3, 7.5, 3.5, 8], "texture": "#0"},
				"west": {"uv": [3.5, 7.5, 4, 8], "texture": "#0"},
				"up": {"uv": [8, 4.5, 7.5, 4], "texture": "#0"},
				"down": {"uv": [5, 7.5, 4.5, 8], "texture": "#0"}
			}
		}
	],
	"display": {
		"thirdperson_righthand": {
			"rotation": [20, 88.04, 37.48],
			"translation": [0, -1.75, -2.5],
			"scale": [0.5, 0.5, 0.5]
		},
		"thirdperson_lefthand": {
			"rotation": [-33.53, -88.56, -97.76],
			"translation": [0, -1.75, -2.5],
			"scale": [0.5, 0.5, 0.5]
		},
		"firstperson_righthand": {
			"rotation": [-180, 66.5, -180],
			"translation": [1, 0, 0],
			"scale": [0.5, 0.5, 0.5]
		},
		"firstperson_lefthand": {
			"rotation": [0, -81.25, 0],
			"translation": [1, 0, 0],
			"scale": [0.5, 0.5, 0.5]
		},
		"ground": {
			"translation": [0, 8, 0]
		},
		"gui": {
			"rotation": [180, -40, 180]
		},
		"head": {
			"rotation": [0, 90, 0],
			"translation": [0, 14.25, 0]
		}
	},
	"groups": [
		{
			"name": "group",
			"origin": [12, 14, 7],
			"color": 0,
			"children": [0, 1, 2, 3, 4, 5, 6, 7, 8, 9, 10, 11]
		}
	]
}