{
	"credit": "Made with Blockbench",
	"texture_size": [32, 32],
	"textures": {
		"particle": "item/kluch_11"
	},
	"elements": [
		{
			"from": [8, 0, 8],
			"to": [8, 3, 11],
			"faces": {
				"north": {"uv": [2, 8, 2, 9.5], "texture": "#particle"},
				"east": {"uv": [3.5, 3, 5, 4.5], "texture": "#particle"},
				"south": {"uv": [2.5, 8, 2.5, 9.5], "texture": "#particle"},
				"west": {"uv": [3.5, 5, 5, 6.5], "texture": "#particle"},
				"up": {"uv": [3, 9.5, 3, 8], "texture": "#particle"},
				"down": {"uv": [3.5, 8, 3.5, 9.5], "texture": "#particle"}
			}
		},
		{
			"from": [3.77323, 0.6, 12.53535],
			"to": [6.77323, 3.6, 12.53535],
			"rotation": {"angle": 0, "axis": "y", "origin": [5.3225, 2.05494, 12.26322]},
			"faces": {
				"north": {"uv": [5.5, 5, 7, 6.5], "texture": "#particle"},
				"east": {"uv": [0, 8.5, 0, 10], "texture": "#particle"},
				"south": {"uv": [5.5, 3, 7, 4.5], "texture": "#particle"},
				"west": {"uv": [0.5, 8.5, 0.5, 10], "texture": "#particle"},
				"up": {"uv": [1, 10, 1, 8.5], "rotation": 90, "texture": "#particle"},
				"down": {"uv": [1.5, 8.5, 1.5, 10], "rotation": 270, "texture": "#particle"}
			}
		},
		{
			"from": [-0.14557, 2.1, 11.58171],
			"to": [5.85443, 2.1, 13.58171],
			"rotation": {"angle": -22.5, "axis": "y", "origin": [5.3225, 2.05494, 11.26322]},
			"faces": {
				"north": {"uv": [7.5, 3.5, 10.5, 3.5], "texture": "#particle"},
				"east": {"uv": [7.5, 4, 8.5, 4], "texture": "#particle"},
				"south": {"uv": [7.5, 4.5, 10.5, 4.5], "texture": "#particle"},
				"west": {"uv": [7.5, 5, 8.5, 5], "texture": "#particle"},
				"up": {"uv": [6.5, 1, 3.5, 0], "texture": "#particle"},
				"down": {"uv": [6.5, 1.5, 3.5, 2.5], "texture": "#particle"}
			}
		},
		{
			"from": [5, 2.32438, 9.03146],
			"to": [11, 2.32438, 15.03146],
			"rotation": {"angle": 0, "axis": "x", "origin": [5.3225, 2.05494, 11.26322]},
			"faces": {
				"north": {"uv": [7, 8, 10, 8], "texture": "#particle"},
				"east": {"uv": [8, 7.5, 11, 7.5], "texture": "#particle"},
				"south": {"uv": [8.5, 2.5, 11.5, 2.5], "texture": "#particle"},
				"west": {"uv": [8.5, 3, 11.5, 3], "texture": "#particle"},
				"up": {"uv": [3, 3, 0, 0], "texture": "#particle"},
				"down": {"uv": [3, 3.5, 0, 6.5], "texture": "#particle"}
			}
		},
		{
			"from": [7.5, 2, 3],
			"to": [8.5, 3, 8],
			"faces": {
				"north": {"uv": [7, 7, 7.5, 7.5], "texture": "#particle"},
				"east": {"uv": [7, 1.5, 9.5, 2], "texture": "#particle"},
				"south": {"uv": [7.5, 2.5, 8, 3], "texture": "#particle"},
				"west": {"uv": [2, 7, 4.5, 7.5], "texture": "#particle"},
				"up": {"uv": [5.5, 9.5, 5, 7], "texture": "#particle"},
				"down": {"uv": [6.5, 7, 6, 9.5], "texture": "#particle"}
			}
		},
		{
			"from": [8, 0, 3],
			"to": [8, 2, 6],
			"faces": {
				"north": {"uv": [7.5, 5.5, 7.5, 6.5], "texture": "#particle"},
				"east": {"uv": [0, 7, 1.5, 8], "texture": "#particle"},
				"south": {"uv": [4, 8, 4, 9], "texture": "#particle"},
				"west": {"uv": [7, 0, 8.5, 1], "texture": "#particle"},
				"up": {"uv": [4.5, 9.5, 4.5, 8], "texture": "#particle"},
				"down": {"uv": [8, 5.5, 8, 7], "texture": "#particle"}
			}
		}
	],
	"display": {
		"thirdperson_righthand": {
			"rotation": [43.26, -16.51, 87.97],
			"translation": [-2, 0, -2.25],
			"scale": [0.41406, 0.41406, 0.41406]
		},
		"thirdperson_lefthand": {
			"rotation": [10.59, 45.47, -24.96],
			"translation": [0, 2, -2],
			"scale": [0.40039, 0.40039, 0.40039]
		},
		"firstperson_righthand": {
			"rotation": [-15.99, 8.66, 16.35],
			"translation": [3.25, 5, -7.75]
		},
		"firstperson_lefthand": {
			"rotation": [-0.87, 5.35, -2],
			"translation": [1.25, 6.25, -5.5]
		},
		"ground": {
			"rotation": [0.6, 0.04, 7.45],
			"translation": [0, 4.75, 0],
			"scale": [0.7, 0.7, 0.7]
		},
		"gui": {
			"rotation": [-114.27, 37.74, -133.53],
			"translation": [2.25, -1, 0]
		},
		"fixed": {
			"rotation": [-93.96, 0.85, 2.07],
			"translation": [0, 0, -8.5]
		}
	}
}