{
	"texture_size": [32, 32],
	"textures": {
		"0": "item/medicaments"
	},
	"elements": [
		{
			"from": [4, 0, 5],
			"to": [12, 2, 5],
			"rotation": {"angle": 0, "axis": "y", "origin": [12, 0, 5]},
			"faces": {
				"north": {"uv": [0, 6, 4, 7], "texture": "#0"},
				"east": {"uv": [0, 0, 0, 1], "texture": "#0"},
				"south": {"uv": [4, 6, 8, 7], "texture": "#0"},
				"west": {"uv": [0, 0, 0, 1], "texture": "#0"},
				"up": {"uv": [4, 0, 0, 0], "texture": "#0"},
				"down": {"uv": [4, 0, 0, 0], "texture": "#0"}
			}
		},
		{
			"from": [4, 0, 5],
			"to": [12, 0, 11],
			"rotation": {"angle": 0, "axis": "y", "origin": [4, 0, 5]},
			"faces": {
				"north": {"uv": [0, 0, 4, 0], "texture": "#0"},
				"east": {"uv": [0, 0, 3, 0], "texture": "#0"},
				"south": {"uv": [0, 0, 4, 0], "texture": "#0"},
				"west": {"uv": [0, 0, 3, 0], "texture": "#0"},
				"up": {"uv": [4, 3, 0, 0], "texture": "#0"},
				"down": {"uv": [4, 3, 0, 6], "texture": "#0"}
			}
		},
		{
			"from": [4, 2, 5],
			"to": [12, 2, 11],
			"rotation": {"angle": -45, "axis": "x", "origin": [4, 2, 5]},
			"faces": {
				"north": {"uv": [0, 0, 4, 0], "texture": "#0"},
				"east": {"uv": [0, 0, 3, 0], "texture": "#0"},
				"south": {"uv": [0, 0, 4, 0], "texture": "#0"},
				"west": {"uv": [0, 0, 3, 0], "texture": "#0"},
				"up": {"uv": [8, 3, 4, 0], "texture": "#0"},
				"down": {"uv": [8, 3, 4, 6], "texture": "#0"}
			}
		},
		{
			"from": [4, 0, 5],
			"to": [4, 2, 11],
			"rotation": {"angle": 0, "axis": "y", "origin": [4, 0, 5]},
			"faces": {
				"north": {"uv": [0, 0, 0, 1], "texture": "#0"},
				"east": {"uv": [0, 8, 3, 9], "texture": "#0"},
				"south": {"uv": [0, 0, 0, 1], "texture": "#0"},
				"west": {"uv": [8, 0, 11, 1], "texture": "#0"},
				"up": {"uv": [0, 3, 0, 0], "texture": "#0"},
				"down": {"uv": [0, 0, 0, 3], "texture": "#0"}
			}
		},
		{
			"from": [12, 0, 5],
			"to": [12, 2, 11],
			"rotation": {"angle": 0, "axis": "y", "origin": [12, 0, 5]},
			"faces": {
				"north": {"uv": [0, 0, 0, 1], "texture": "#0"},
				"east": {"uv": [8, 1, 11, 2], "texture": "#0"},
				"south": {"uv": [0, 0, 0, 1], "texture": "#0"},
				"west": {"uv": [8, 2, 11, 3], "texture": "#0"},
				"up": {"uv": [0, 3, 0, 0], "texture": "#0"},
				"down": {"uv": [0, 0, 0, 3], "texture": "#0"}
			}
		},
		{
			"from": [3.9, 0.1, 7.4],
			"to": [4.9, 1.1, 9.4],
			"rotation": {"angle": 22.5, "axis": "y", "origin": [4.9, 0.1, 5.4]},
			"faces": {
				"north": {"uv": [8, 8.5, 8.5, 9], "texture": "#0"},
				"east": {"uv": [3, 8, 4, 8.5], "texture": "#0"},
				"south": {"uv": [8.5, 8, 9, 8.5], "texture": "#0"},
				"west": {"uv": [8, 3, 9, 3.5], "texture": "#0"},
				"up": {"uv": [8.5, 4.5, 8, 3.5], "texture": "#0"},
				"down": {"uv": [4.5, 8, 4, 9], "texture": "#0"}
			}
		},
		{
			"from": [3.7, 0.1, 6],
			"to": [4.7, 1.1, 8],
			"rotation": {"angle": 45, "axis": "y", "origin": [4.7, 0.1, 4]},
			"faces": {
				"north": {"uv": [8.5, 8.5, 9, 9], "texture": "#0"},
				"east": {"uv": [4.5, 8, 5.5, 8.5], "texture": "#0"},
				"south": {"uv": [0, 9, 0.5, 9.5], "texture": "#0"},
				"west": {"uv": [8, 4.5, 9, 5], "texture": "#0"},
				"up": {"uv": [8.5, 6, 8, 5], "texture": "#0"},
				"down": {"uv": [6, 8, 5.5, 9], "texture": "#0"}
			}
		},
		{
			"from": [7, 0.1, 8.3],
			"to": [8, 1.1, 10.3],
			"rotation": {"angle": 0, "axis": "y", "origin": [8, 0.1, 6.3]},
			"faces": {
				"north": {"uv": [0.5, 9, 1, 9.5], "texture": "#0"},
				"east": {"uv": [6, 8, 7, 8.5], "texture": "#0"},
				"south": {"uv": [1, 9, 1.5, 9.5], "texture": "#0"},
				"west": {"uv": [8, 6, 9, 6.5], "texture": "#0"},
				"up": {"uv": [8.5, 7.5, 8, 6.5], "texture": "#0"},
				"down": {"uv": [7.5, 8, 7, 9], "texture": "#0"}
			}
		},
		{
			"from": [7.7, 0.1, 5.2],
			"to": [9.7, 1.1, 6.2],
			"rotation": {"angle": 22.5, "axis": "y", "origin": [11.7, 0.1, 6.2]},
			"faces": {
				"north": {"uv": [7.5, 8, 8.5, 8.5], "texture": "#0"},
				"east": {"uv": [1.5, 9, 2, 9.5], "texture": "#0"},
				"south": {"uv": [8, 7.5, 9, 8], "texture": "#0"},
				"west": {"uv": [2, 9, 2.5, 9.5], "texture": "#0"},
				"up": {"uv": [4, 9, 3, 8.5], "texture": "#0"},
				"down": {"uv": [9.5, 3.5, 8.5, 4], "texture": "#0"}
			}
		},
		{
			"from": [9.1, 0.1, 6.7],
			"to": [10.1, 1.1, 8.7],
			"rotation": {"angle": 22.5, "axis": "y", "origin": [10.1, 0.1, 4.7]},
			"faces": {
				"north": {"uv": [2.5, 9, 3, 9.5], "texture": "#0"},
				"east": {"uv": [8.5, 4, 9.5, 4.5], "texture": "#0"},
				"south": {"uv": [3, 9, 3.5, 9.5], "texture": "#0"},
				"west": {"uv": [4.5, 8.5, 5.5, 9], "texture": "#0"},
				"up": {"uv": [9, 6, 8.5, 5], "texture": "#0"},
				"down": {"uv": [6.5, 8.5, 6, 9.5], "texture": "#0"}
			}
		},
		{
			"from": [9.8, 0.1, 8.9],
			"to": [10.8, 1.1, 10.9],
			"rotation": {"angle": -22.5, "axis": "y", "origin": [10.8, 0.1, 6.9]},
			"faces": {
				"north": {"uv": [9, 3, 9.5, 3.5], "texture": "#0"},
				"east": {"uv": [8.5, 6.5, 9.5, 7], "texture": "#0"},
				"south": {"uv": [3.5, 9, 4, 9.5], "texture": "#0"},
				"west": {"uv": [8.5, 7, 9.5, 7.5], "texture": "#0"},
				"up": {"uv": [7, 9.5, 6.5, 8.5], "texture": "#0"},
				"down": {"uv": [8, 8.5, 7.5, 9.5], "texture": "#0"}
			}
		},
		{
			"from": [4, 0, 11],
			"to": [12, 2, 11],
			"rotation": {"angle": 0, "axis": "y", "origin": [12, 0, 11]},
			"faces": {
				"north": {"uv": [0, 7, 4, 8], "texture": "#0"},
				"east": {"uv": [0, 0, 0, 1], "texture": "#0"},
				"south": {"uv": [4, 7, 8, 8], "texture": "#0"},
				"west": {"uv": [0, 0, 0, 1], "texture": "#0"},
				"up": {"uv": [4, 0, 0, 0], "texture": "#0"},
				"down": {"uv": [4, 0, 0, 0], "texture": "#0"}
			}
		}
	],
	"display": {
		"thirdperson_righthand": {
			"rotation": [-139.21, 0.02, -179.89],
			"translation": [0, 4.75, 2.25],
			"scale": [0.6, 0.6, 0.6]
		},
		"thirdperson_lefthand": {
			"rotation": [-120, 0, 180],
			"translation": [0, 3.75, 3],
			"scale": [0.6, 0.6, 0.6]
		},
		"firstperson_righthand": {
			"rotation": [0, -144, 0],
			"translation": [1.5, 8.5, 0]
		},
		"firstperson_lefthand": {
			"rotation": [0, -141, 0],
			"translation": [1.5, 7.25, 0]
		},
		"ground": {
			"translation": [0, 8, 0]
		},
		"gui": {
			"rotation": [61, -45, 0],
			"translation": [0, 3.25, 0]
		},
		"head": {
			"rotation": [0, 180, 0],
			"translation": [0, 14.25, 0]
		},
		"fixed": {
			"rotation": [0, 180, 0],
			"translation": [0, 5.25, -2.25]
		}
	},
	"groups": [
		{
			"name": "group",
			"origin": [12, 0, 11],
			"color": 0,
			"children": [0, 1, 2, 3, 4, 5, 6, 7, 8, 9, 10, 11]
		}
	]
}