{
	"credit": "Made with Blockbench",
	"texture_size": [32, 32],
	"textures": {
		"0": "item/otvertka"
	},
	"elements": [
		{
			"from": [8.54393, 0, 8.89393],
			"to": [9.24393, 6, 9.89393],
			"rotation": {"angle": 45, "axis": "y", "origin": [8.89393, 3, 9.39393]},
			"faces": {
				"north": {"uv": [4.5, 3, 5, 6], "texture": "#0"},
				"east": {"uv": [5, 3, 5.5, 6], "texture": "#0"},
				"south": {"uv": [5.5, 0, 6, 3], "texture": "#0"},
				"west": {"uv": [5.5, 3, 6, 6], "texture": "#0"},
				"up": {"uv": [7.5, 1.5, 7, 1], "texture": "#0"},
				"down": {"uv": [8, 5, 7.5, 5.5], "texture": "#0"}
			}
		},
		{
			"from": [7, 0, 7],
			"to": [9, 6, 10],
			"rotation": {"angle": 0, "axis": "y", "origin": [7, 0, 7]},
			"faces": {
				"north": {"uv": [1.5, 3, 2.5, 6], "texture": "#0"},
				"east": {"uv": [0, 0, 1.5, 3], "texture": "#0"},
				"south": {"uv": [2.5, 3, 3.5, 6], "texture": "#0"},
				"west": {"uv": [1.5, 0, 3, 3], "texture": "#0"},
				"up": {"uv": [1, 7.5, 0, 6], "texture": "#0"},
				"down": {"uv": [7, 0, 6, 1.5], "texture": "#0"}
			}
		},
		{
			"from": [6.5, 0, 7.5],
			"to": [9.5, 6, 9.5],
			"rotation": {"angle": 0, "axis": "y", "origin": [8, 3, 8.5]},
			"faces": {
				"north": {"uv": [0, 3, 1.5, 6], "texture": "#0"},
				"east": {"uv": [3.5, 3, 4.5, 6], "texture": "#0"},
				"south": {"uv": [3, 0, 4.5, 3], "texture": "#0"},
				"west": {"uv": [4.5, 0, 5.5, 3], "texture": "#0"},
				"up": {"uv": [2.5, 7, 1, 6], "texture": "#0"},
				"down": {"uv": [7.5, 1.5, 6, 2.5], "texture": "#0"}
			}
		},
		{
			"from": [7.5, 6, 8],
			"to": [8.5, 12, 9],
			"rotation": {"angle": 0, "axis": "y", "origin": [6.5, 6, 8]},
			"faces": {
				"north": {"uv": [2.5, 6, 3, 9], "texture": "#0"},
				"east": {"uv": [6, 2.5, 6.5, 5.5], "texture": "#0"},
				"south": {"uv": [3, 6, 3.5, 9], "texture": "#0"},
				"west": {"uv": [3.5, 6, 4, 9], "texture": "#0"},
				"up": {"uv": [8, 6, 7.5, 5.5], "texture": "#0"},
				"down": {"uv": [8, 6, 7.5, 6.5], "texture": "#0"}
			}
		},
		{
			"from": [7.5, 12, 7.5],
			"to": [8.5, 14, 9.5],
			"rotation": {"angle": 0, "axis": "y", "origin": [6.5, 12, 7.5]},
			"faces": {
				"north": {"uv": [7.5, 1, 8, 2], "texture": "#0"},
				"east": {"uv": [7, 0, 8, 1], "texture": "#0"},
				"south": {"uv": [7.5, 2, 8, 3], "texture": "#0"},
				"west": {"uv": [0, 7.5, 1, 8.5], "texture": "#0"},
				"up": {"uv": [8, 4, 7.5, 3], "texture": "#0"},
				"down": {"uv": [8, 4, 7.5, 5], "texture": "#0"}
			}
		},
		{
			"from": [7.5, 11.5, 8.3],
			"to": [8.5, 12.5, 9.3],
			"rotation": {"angle": 45, "axis": "x", "origin": [8, 12, 8.8]},
			"faces": {
				"north": {"uv": [7.5, 6.5, 8, 7], "texture": "#0"},
				"east": {"uv": [7.5, 7, 8, 7.5], "texture": "#0"},
				"south": {"uv": [7.5, 7.5, 8, 8], "texture": "#0"},
				"west": {"uv": [8, 0, 8.5, 0.5], "texture": "#0"},
				"up": {"uv": [8.5, 1, 8, 0.5], "texture": "#0"},
				"down": {"uv": [8.5, 1, 8, 1.5], "texture": "#0"}
			}
		},
		{
			"from": [7.5, 11.5, 7.7],
			"to": [8.5, 12.5, 8.7],
			"rotation": {"angle": 45, "axis": "x", "origin": [8, 12, 8.2]},
			"faces": {
				"north": {"uv": [8, 1.5, 8.5, 2], "texture": "#0"},
				"east": {"uv": [8, 2, 8.5, 2.5], "texture": "#0"},
				"south": {"uv": [8, 2.5, 8.5, 3], "texture": "#0"},
				"west": {"uv": [8, 3, 8.5, 3.5], "texture": "#0"},
				"up": {"uv": [8.5, 4, 8, 3.5], "texture": "#0"},
				"down": {"uv": [8.5, 4, 8, 4.5], "texture": "#0"}
			}
		},
		{
			"from": [8.5, 0, 7.2],
			"to": [9.2, 6, 8.2],
			"rotation": {"angle": -45, "axis": "y", "origin": [9, 1, 7.7]},
			"faces": {
				"north": {"uv": [4, 6, 4.5, 9], "texture": "#0"},
				"east": {"uv": [4.5, 6, 5, 9], "texture": "#0"},
				"south": {"uv": [5, 6, 5.5, 9], "texture": "#0"},
				"west": {"uv": [5.5, 6, 6, 9], "texture": "#0"},
				"up": {"uv": [8.5, 5, 8, 4.5], "texture": "#0"},
				"down": {"uv": [8.5, 5, 8, 5.5], "texture": "#0"}
			}
		},
		{
			"from": [6.7, 0, 9],
			"to": [7.4, 6, 10],
			"rotation": {"angle": -45, "axis": "y", "origin": [7.2, 1, 9.5]},
			"faces": {
				"north": {"uv": [6, 5.5, 6.5, 8.5], "texture": "#0"},
				"east": {"uv": [6.5, 2.5, 7, 5.5], "texture": "#0"},
				"south": {"uv": [6.5, 5.5, 7, 8.5], "texture": "#0"},
				"west": {"uv": [1, 7, 1.5, 10], "texture": "#0"},
				"up": {"uv": [8.5, 6, 8, 5.5], "texture": "#0"},
				"down": {"uv": [8.5, 6, 8, 6.5], "texture": "#0"}
			}
		},
		{
			"from": [6.74393, 0, 7.09393],
			"to": [7.44393, 6, 8.09393],
			"rotation": {"angle": 45, "axis": "y", "origin": [7.09393, 3, 7.59393]},
			"faces": {
				"north": {"uv": [1.5, 7, 2, 10], "texture": "#0"},
				"east": {"uv": [2, 7, 2.5, 10], "texture": "#0"},
				"south": {"uv": [7, 2.5, 7.5, 5.5], "texture": "#0"},
				"west": {"uv": [7, 5.5, 7.5, 8.5], "texture": "#0"},
				"up": {"uv": [8.5, 7, 8, 6.5], "texture": "#0"},
				"down": {"uv": [8.5, 7, 8, 7.5], "texture": "#0"}
			}
		}
	],
	"display": {
		"thirdperson_righthand": {
			"translation": [0, 1.75, 0],
			"scale": [0.6, 0.6, 0.6]
		},
		"thirdperson_lefthand": {
			"translation": [0, 1.75, 0],
			"scale": [0.6, 0.6, 0.6]
		},
		"firstperson_righthand": {
			"translation": [0, 3, 0],
			"scale": [0.6, 0.6, 0.6]
		},
		"firstperson_lefthand": {
			"translation": [0, 3, 0],
			"scale": [0.6, 0.6, 0.6]
		},
		"ground": {
			"rotation": [90, 90, 0],
			"translation": [0, 1.5, 0]
		},
		"gui": {
			"rotation": [41, 45, 0],
			"translation": [0, 1.25, 0]
		},
		"head": {
			"translation": [0, 14, 0]
		},
		"fixed": {
			"rotation": [0, 90, 0],
			"translation": [0, 0.75, 0]
		}
	},
	"groups": [
		{
			"name": "group",
			"origin": [7.09393, 3, 7.59393],
			"color": 0,
			"children": [0, 1, 2, 3, 4, 5, 6, 7, 8, 9]
		}
	]
}