{
	"texture_size": [32, 32],
	"textures": {
		"0": "item/planshet"
	},
	"elements": [
		{
			"from": [0, 0, 3],
			"to": [16, 1, 14],
			"rotation": {"angle": 0, "axis": "y", "origin": [0, 0, 3]},
			"faces": {
				"north": {"uv": [8, 0, 16, 0.5], "texture": "#0"},
				"east": {"uv": [8, 1, 13.5, 1.5], "texture": "#0"},
				"south": {"uv": [8, 0.5, 16, 1], "texture": "#0"},
				"west": {"uv": [8, 1.5, 13.5, 2], "texture": "#0"},
				"up": {"uv": [8, 5.5, 0, 0], "texture": "#0"},
				"down": {"uv": [8, 5.5, 0, 11], "texture": "#0"}
			}
		}
	],
	"display": {
		"thirdperson_righthand": {
			"rotation": [-85.69, 13.62, 172.33],
			"translation": [0, 2.25, 5.75],
			"scale": [0.6, 0.6, 0.6]
		},
		"thirdperson_lefthand": {
			"rotation": [-71.78, 12.8, 169.19],
			"translation": [-0.25, 1.25, 5.75],
			"scale": [0.6, 0.6, 0.6]
		},
		"firstperson_righthand": {
			"rotation": [-97, 0, 180],
			"translation": [-8.75, 5.75, 7.75]
		},
		"firstperson_lefthand": {
			"rotation": [-97, 0, 180],
			"translation": [-9.25, 5.75, 7.75]
		},
		"ground": {
			"translation": [0, 5, 0]
		},
		"gui": {
			"rotation": [108, 180, -50],
			"translation": [-5.5, -2.25, 0]
		},
		"head": {
			"rotation": [-90, 0, 0],
			"translation": [0, -1, -14.25]
		}
	}
}