{
	"texture_size": [64, 64],
	"textures": {
		"0": "item/start_button"
	},
	"elements": [
		{
			"from": [-16, 0, 0],
			"to": [32, 15, 5],
			"faces": {
				"north": {"uv": [0, 0, 12, 3.75], "texture": "#0"},
				"east": {"uv": [0, 10, 1.25, 13.75], "texture": "#0"},
				"south": {"uv": [0, 3.75, 12, 7.5], "texture": "#0"},
				"west": {"uv": [1.25, 10, 2.5, 13.75], "texture": "#0"},
				"up": {"uv": [12, 8.75, 0, 7.5], "texture": "#0"},
				"down": {"uv": [12, 8.75, 0, 10], "texture": "#0"}
			}
		}
	],
	"display": {
		"thirdperson_righthand": {
			"translation": [0, 1.75, 1],
			"scale": [0.3, 0.3, 0.3]
		},
		"thirdperson_lefthand": {
			"translation": [0, 1.75, 1],
			"scale": [0.3, 0.3, 0.3]
		},
		"firstperson_righthand": {
			"rotation": [-15, -52, 0],
			"translation": [0, 1.5, 0],
			"scale": [0.3, 0.3, 0.3]
		},
		"firstperson_lefthand": {
			"rotation": [-16, -55, 0],
			"translation": [0, 1.75, 0],
			"scale": [0.3, 0.3, 0.3]
		},
		"ground": {
			"rotation": [-90, 0, 0],
			"translation": [0, 1, 0],
			"scale": [0.3, 0.3, 0.3]
		},
		"gui": {
			"rotation": [35, -22, 0],
			"translation": [-0.5, -0.75, 0],
			"scale": [0.3, 0.3, 0.3]
		},
		"head": {
			"rotation": [0, 180, 0],
			"translation": [0, 4.5, -8.75],
			"scale": [0.3, 0.3, 0.3]
		},
		"fixed": {
			"rotation": [0, -180, 0],
			"translation": [0, 0, -8]
		}
	}
}