{
	"texture_size": [64, 64],
	"textures": {
		"1": "item/statue_autli"
	},
	"elements": [
		{
			"from": [4, 22.6, 3.6],
			"to": [12, 30.6, 11.6],
			"rotation": {"angle": 22.5, "axis": "x", "origin": [8, 26.6, 7.6]},
			"faces": {
				"north": {"uv": [4, 4, 2, 2], "rotation": 180, "texture": "#1"},
				"east": {"uv": [0, 2, 2, 4], "texture": "#1"},
				"south": {"uv": [8, 2, 6, 4], "texture": "#1"},
				"west": {"uv": [4, 2, 6, 4], "texture": "#1"},
				"up": {"uv": [2, 0, 4, 2], "rotation": 180, "texture": "#1"},
				"down": {"uv": [4, 0, 6, 2], "texture": "#1"}
			}
		},
		{
			"from": [3.7, 22.3, 3.3],
			"to": [12.3, 30.9, 11.9],
			"rotation": {"angle": 22.5, "axis": "x", "origin": [8, 26.6, 7.6]},
			"faces": {
				"north": {"uv": [12, 4, 10, 2], "rotation": 180, "texture": "#1"},
				"east": {"uv": [8, 2, 10, 4], "texture": "#1"},
				"south": {"uv": [16, 2, 14, 4], "texture": "#1"},
				"west": {"uv": [12, 2, 14, 4], "texture": "#1"},
				"up": {"uv": [10, 0, 12, 2], "rotation": 180, "texture": "#1"},
				"down": {"uv": [12, 0, 14, 2], "texture": "#1"}
			}
		},
		{
			"from": [4, 10.9, 4],
			"to": [12, 22.9, 8],
			"rotation": {"angle": 0, "axis": "x", "origin": [8, 16.9, 6]},
			"faces": {
				"north": {"uv": [7, 8, 5, 5], "rotation": 180, "texture": "#1"},
				"east": {"uv": [4, 5, 5, 8], "texture": "#1"},
				"south": {"uv": [10, 5, 8, 8], "texture": "#1"},
				"west": {"uv": [7, 5, 8, 8], "texture": "#1"},
				"up": {"uv": [5, 4, 7, 5], "rotation": 180, "texture": "#1"},
				"down": {"uv": [7, 4, 9, 5], "texture": "#1"}
			}
		},
		{
			"from": [3.7, 10.6, 3.7],
			"to": [12.3, 23.2, 8.3],
			"rotation": {"angle": 0, "axis": "y", "origin": [8, 16.9, 6]},
			"faces": {
				"north": {"uv": [7, 12, 5, 9], "rotation": 180, "texture": "#1"},
				"east": {"uv": [4, 9, 5, 12], "texture": "#1"},
				"south": {"uv": [10, 9, 8, 12], "texture": "#1"},
				"west": {"uv": [7, 9, 8, 12], "texture": "#1"},
				"up": {"uv": [5, 8, 7, 9], "rotation": 180, "texture": "#1"},
				"down": {"uv": [7, 8, 9, 9], "texture": "#1"}
			}
		},
		{
			"from": [12.2, 21.925, -3.375],
			"to": [16.2, 25.925, 8.625],
			"rotation": {"angle": 45, "axis": "x", "origin": [14.2, 23.9, 2.625]},
			"faces": {
				"north": {"uv": [12, 5, 13, 4], "texture": "#1"},
				"east": {"uv": [10, 5, 11, 8], "rotation": 270, "texture": "#1"},
				"south": {"uv": [11, 4, 12, 5], "rotation": 180, "texture": "#1"},
				"west": {"uv": [12, 5, 13, 8], "rotation": 90, "texture": "#1"},
				"up": {"uv": [12, 8, 11, 5], "texture": "#1"},
				"down": {"uv": [13, 5, 14, 8], "texture": "#1"}
			}
		},
		{
			"from": [11.9, 21.575, -3.675],
			"to": [16.5, 26.175, 8.925],
			"rotation": {"angle": 45, "axis": "x", "origin": [14.2, 23.9, 2.625]},
			"faces": {
				"north": {"uv": [12, 9, 13, 8], "texture": "#1"},
				"east": {"uv": [10, 9, 11, 12], "rotation": 270, "texture": "#1"},
				"south": {"uv": [11, 8, 12, 9], "texture": "#1"},
				"west": {"uv": [12, 9, 13, 12], "rotation": 90, "texture": "#1"},
				"up": {"uv": [12, 12, 11, 9], "texture": "#1"},
				"down": {"uv": [13, 9, 14, 12], "texture": "#1"}
			}
		},
		{
			"from": [0, 18.59053, -3.20947],
			"to": [4, 22.59053, 8.79053],
			"rotation": {"angle": 22.5, "axis": "x", "origin": [2, 20.6, 2.79053]},
			"faces": {
				"north": {"uv": [10, 13, 11, 12], "texture": "#1"},
				"east": {"uv": [8, 13, 9, 16], "rotation": 270, "texture": "#1"},
				"south": {"uv": [9, 12, 10, 13], "rotation": 180, "texture": "#1"},
				"west": {"uv": [10, 13, 11, 16], "rotation": 90, "texture": "#1"},
				"up": {"uv": [10, 16, 9, 13], "texture": "#1"},
				"down": {"uv": [11, 13, 12, 16], "texture": "#1"}
			}
		},
		{
			"from": [-0.3, 18.30947, -3.50947],
			"to": [4.3, 22.90947, 9.09053],
			"rotation": {"angle": 22.5, "axis": "x", "origin": [2, 20.6, 2.79053]},
			"faces": {
				"north": {"uv": [14, 13, 15, 12], "texture": "#1"},
				"east": {"uv": [12, 13, 13, 16], "rotation": 270, "texture": "#1"},
				"south": {"uv": [13, 12, 14, 13], "rotation": 180, "texture": "#1"},
				"west": {"uv": [14, 13, 15, 16], "rotation": 90, "texture": "#1"},
				"up": {"uv": [14, 16, 13, 13], "texture": "#1"},
				"down": {"uv": [15, 13, 16, 16], "texture": "#1"}
			}
		},
		{
			"from": [8, 0.4, 2.3],
			"to": [12, 12.4, 6.3],
			"rotation": {"angle": -22.5, "axis": "x", "origin": [10, 6.4, 4.3]},
			"faces": {
				"north": {"uv": [2, 8, 1, 5], "rotation": 180, "texture": "#1"},
				"east": {"uv": [0, 5, 1, 8], "texture": "#1"},
				"south": {"uv": [3, 5, 4, 8], "texture": "#1"},
				"west": {"uv": [2, 5, 3, 8], "texture": "#1"},
				"up": {"uv": [1, 4, 2, 5], "texture": "#1"},
				"down": {"uv": [2, 4, 3, 5], "rotation": 180, "texture": "#1"}
			}
		},
		{
			"from": [7.7, 0.1, 2],
			"to": [12.3, 12.7, 6.6],
			"rotation": {"angle": -22.5, "axis": "x", "origin": [10, 6.4, 4.3]},
			"faces": {
				"north": {"uv": [2, 12, 1, 9], "rotation": 180, "texture": "#1"},
				"east": {"uv": [0, 9, 1, 12], "texture": "#1"},
				"south": {"uv": [3, 9, 4, 12], "texture": "#1"},
				"west": {"uv": [2, 9, 3, 12], "texture": "#1"},
				"up": {"uv": [1, 8, 2, 9], "texture": "#1"},
				"down": {"uv": [2, 8, 3, 9], "rotation": 180, "texture": "#1"}
			}
		},
		{
			"from": [3.2, -1.1, 3.4],
			"to": [7.2, 10.9, 7.4],
			"rotation": {"angle": 22.5, "axis": "y", "origin": [5.24085, 4.9, 5.41182]},
			"faces": {
				"north": {"uv": [6, 16, 5, 13], "rotation": 180, "texture": "#1"},
				"east": {"uv": [4, 13, 5, 16], "texture": "#1"},
				"south": {"uv": [7, 13, 8, 16], "texture": "#1"},
				"west": {"uv": [6, 13, 7, 16], "texture": "#1"},
				"up": {"uv": [5, 12, 6, 13], "texture": "#1"},
				"down": {"uv": [6, 12, 7, 13], "rotation": 180, "texture": "#1"}
			}
		},
		{
			"from": [2.9817, -1.4, 3.72363],
			"to": [7.5817, 11.2, 8.32363],
			"rotation": {"angle": 22.5, "axis": "y", "origin": [5.24085, 4.9, 6.01182]},
			"faces": {
				"north": {"uv": [2, 16, 1, 13], "rotation": 180, "texture": "#1"},
				"east": {"uv": [0, 13, 1, 16], "texture": "#1"},
				"south": {"uv": [3, 13, 4, 16], "texture": "#1"},
				"west": {"uv": [2, 13, 3, 16], "texture": "#1"},
				"up": {"uv": [1, 12, 2, 13], "texture": "#1"},
				"down": {"uv": [2, 12, 3, 13], "rotation": 180, "texture": "#1"}
			}
		}
	],
	"display": {
		"thirdperson_righthand": {
			"translation": [2, 0.5, 4],
			"scale": [0.6, 0.6, 0.6]
		},
		"thirdperson_lefthand": {
			"translation": [-0.25, 2, 2.75],
			"scale": [0.6, 0.6, 0.6]
		},
		"firstperson_righthand": {
			"rotation": [-20, 116, 9],
			"translation": [8.75, -4.25, -8.25]
		},
		"firstperson_lefthand": {
			"rotation": [-17, 133, 9],
			"translation": [8, -6, -8.25]
		},
		"ground": {
			"translation": [0, 3.5, 2.25]
		},
		"gui": {
			"rotation": [33, 149, 0],
			"translation": [1.75, -3.75, 0],
			"scale": [0.6, 0.6, 0.6]
		},
		"head": {
			"translation": [0, 19, 2],
			"scale": [1.6, 1.6, 1.6]
		},
		"fixed": {
			"rotation": [-2, 1.04, 0],
			"translation": [0.5, -7.25, 1]
		}
	},
	"groups": [
		{
			"name": "group",
			"origin": [0, 0, 8],
			"color": 0,
			"children": [
				{
					"name": "head",
					"origin": [8, -1.1, 6],
					"color": 0,
					"children": [0, 1]
				},
				{
					"name": "body",
					"origin": [8, -1.1, 6],
					"color": 0,
					"children": [2, 3]
				},
				{
					"name": "r arm",
					"origin": [11.4, 22.8, 6.55],
					"color": 0,
					"children": [4, 5]
				},
				{
					"name": "l arm",
					"origin": [1.15808, 16.9, 5.98106],
					"color": 0,
					"children": [6, 7]
				},
				{
					"name": "r leg",
					"origin": [12, -1.1, 6],
					"color": 0,
					"children": [8, 9]
				},
				{
					"name": "l leg",
					"origin": [5.99374, 4.85, 6.11581],
					"color": 0,
					"children": [10, 11]
				}
			]
		}
	]
}