{
	"textures": {
		"0": "item/telefon"
	},
	"elements": [
		{
			"from": [7, 1, 3],
			"to": [9, 3, 5],
			"rotation": {"angle": 0, "axis": "y", "origin": [7, 1, 3]},
			"faces": {
				"north": {"uv": [8, 9, 10, 11], "texture": "#0"},
				"east": {"uv": [4, 10, 6, 12], "texture": "#0"},
				"south": {"uv": [6, 10, 8, 12], "texture": "#0"},
				"west": {"uv": [10, 9, 12, 11], "texture": "#0"},
				"up": {"uv": [10, 13, 8, 11], "texture": "#0"},
				"down": {"uv": [12, 11, 10, 13], "texture": "#0"}
			}
		},
		{
			"from": [6, 0, 2],
			"to": [10, 1, 6],
			"rotation": {"angle": 0, "axis": "y", "origin": [6, 0, 2]},
			"faces": {
				"north": {"uv": [8, 5, 12, 6], "texture": "#0"},
				"east": {"uv": [8, 6, 12, 7], "texture": "#0"},
				"south": {"uv": [8, 7, 12, 8], "texture": "#0"},
				"west": {"uv": [4, 9, 8, 10], "texture": "#0"},
				"up": {"uv": [4, 4, 0, 0], "texture": "#0"},
				"down": {"uv": [4, 4, 0, 8], "texture": "#0"}
			}
		},
		{
			"from": [6, 0, 10],
			"to": [10, 1, 14],
			"rotation": {"angle": 0, "axis": "y", "origin": [6, 0, 10]},
			"faces": {
				"north": {"uv": [12, 7, 16, 8], "texture": "#0"},
				"east": {"uv": [12, 8, 16, 9], "texture": "#0"},
				"south": {"uv": [12, 9, 16, 10], "texture": "#0"},
				"west": {"uv": [12, 10, 16, 11], "texture": "#0"},
				"up": {"uv": [4, 12, 0, 8], "texture": "#0"},
				"down": {"uv": [12, 0, 8, 4], "texture": "#0"}
			}
		},
		{
			"from": [7, 1, 11],
			"to": [9, 3, 13],
			"rotation": {"angle": 0, "axis": "y", "origin": [7, 1, 11]},
			"faces": {
				"north": {"uv": [0, 12, 2, 14], "texture": "#0"},
				"east": {"uv": [12, 0, 14, 2], "texture": "#0"},
				"south": {"uv": [2, 12, 4, 14], "texture": "#0"},
				"west": {"uv": [12, 2, 14, 4], "texture": "#0"},
				"up": {"uv": [6, 14, 4, 12], "texture": "#0"},
				"down": {"uv": [14, 5, 12, 7], "texture": "#0"}
			}
		},
		{
			"from": [7, 2, 5],
			"to": [9, 3, 11],
			"rotation": {"angle": 0, "axis": "y", "origin": [7, 1, 6]},
			"faces": {
				"north": {"uv": [6, 12, 8, 13], "texture": "#0"},
				"east": {"uv": [4, 8, 12, 9], "texture": "#0"},
				"south": {"uv": [12, 11, 14, 12], "texture": "#0"},
				"west": {"uv": [8, 4, 16, 5], "texture": "#0"},
				"up": {"uv": [6, 8, 4, 0], "texture": "#0"},
				"down": {"uv": [8, 0, 6, 8], "texture": "#0"}
			}
		}
	],
	"display": {
		"thirdperson_righthand": {
			"rotation": [87.75, 0, 0],
			"translation": [0, -1.75, 3.5],
			"scale": [0.6, 0.6, 0.6]
		},
		"thirdperson_lefthand": {
			"rotation": [89, 0, 0],
			"translation": [0, 0, 3.25],
			"scale": [0.6, 0.6, 0.6]
		},
		"firstperson_righthand": {
			"rotation": [96, -17, -120],
			"translation": [2, 3.75, 2.25]
		},
		"firstperson_lefthand": {
			"rotation": [-95, 20, -58],
			"translation": [3.75, 3, 1.25]
		},
		"ground": {
			"translation": [0, 5, 0]
		},
		"gui": {
			"rotation": [-88, 21, -51],
			"translation": [5, -1.5, 0]
		},
		"head": {
			"translation": [0, 13.5, 0]
		}
	},
	"groups": [
		{
			"name": "group",
			"origin": [6, 0, 1],
			"color": 0,
			"children": [0, 1]
		},
		2,
		3,
		4
	]
}